{
  "marketing_stripe": {
    "text": "Varejo e Atacado ",
    "link": "/promotion",
    "background": "#ffffff"
  },
  "contacts_stripe": {
    "pages": [
      {
        "title": "Sobre nós",
        "link": "/pages/sobre-nos"
      },
      {
        "title": "Atacado",
        "link": "https://api.whatsapp.com/send?phone=5519996676495"
      }
    ],
    "phone_wpp": true,
    "socials": true
  },
  "categories_list": {
    "featured": [],
    "random": 6,
    "full_width": false
  },
  "search_input": true
}