{
  "meta_title": "",
  "meta_description": "",
  "sections": [
    {
      "type": "banner-slider",
      "autoplay": 7000,
      "slides": [
        {
          "img": "/img/uploads/whatsapp-image-2021-03-09-at-12.45.41.jpeg",
          "link": "/headset",
          "alt": "Headset banner",
          "start": "2020-04-11T05:54:06.750Z",
          "end": "2020-12-31T03:00:00.000Z",
          "mobile_img": ""
        },
        {
          "img": "/img/uploads/whatsapp-image-2021-03-23-at-18.34.47.jpeg",
          "alt": "Banner sample two",
          "start": "",
          "end": "",
          "mobile_img": "/img/uploads/whatsapp-image-2021-03-08-at-19.05.22.jpeg"
        }
      ]
    },
    {
      "type": "info-bar",
      "enabled": true
    },
    {
      "type": "collection-shelf",
      "shuffle": true,
      "collection_id": null,
      "limit": 12,
      "page": 1
    },
    {
      "type": "page-title",
      "title": "TMoriá Semijoias ",
      "description": ""
    }
  ]
}